name,url,city,state
Altman Siegel Gallery,http://altmansiegel.com/,San Francisco,CA
Bekris Gallery,http://www.bekrisgallery.com/,San Francisco,CA
Brian Gross Fine Art,http://www.briangrossfineart.com,San Francisco,CA
Elins Eagles-Smith Gallery,http://www.eesgallery.com/,San Francisco,CA
Fraenkel Gallery,http://www.fraenkelgallery.com,San Francisco,CA
Gregory Lind Gallery,http://www.gregorylindgallery.com/,San Francisco,CA
Haines Gallery,http://www.hainesgallery.com,San Francisco,CA
Jack Fischer Gallery,http://www.jackfischergallery.com/,San Francisco,CA
The McLoughlin Gallery,http://www.mgart.com/,San Francisco,CA
Micaela Gallery,http://www.micaela.com/,San Francisco,CA
Michael Shapiro Photographs,http://www.shapirogallery.net/,San Francisco,CA
Modernbook Gallery,http://www.modernbook.com./,San Francisco,CA
Robert Koch Gallery,http://www.kochgallery.com/,San Francisco,CA
Robert Tat Gallery,http://www.roberttat.com/,San Francisco,CA
Scott Nichols Gallery,http://www.scottnicholsgallery.com/,San Francisco,CA
Stephen Wirtz Gallery,http://www.wirtzgallery.com/,San Francisco,CA
Toomey - Tourell Gallery,http://www.toomey-tourell.com/,San Francisco,CA
Addison Fine Arts,http://addisonfinearts.com/,San Francisco,CA
Albers Gallery of Inuit Art,http://www.albers-inuit.com/,San Francisco,CA
Andrea Schwartz Gallery,http://www.asgallery.com/,San Francisco,CA
Anthony Meier Fine Arts,http://www.anthonymeierfinearts.com,San Francisco,CA
ArtHaus,http://www.arthaus-sf.com/,San Francisco,CA
The Artists Alley,http://www.galiara.com/,San Francisco,CA
Artist-Xchange,http://www.artist-xchange.com/,San Francisco,CA
ArtworkSF,http://www.artworksf.com/,San Francisco,CA
ArtZone 461 Gallery,http://artzone461.com/,San Francisco,CA
Back to the Picture,http://www.backtothepicture.com/,San Francisco,CA
Baxter & Cook Art Advisors,http://www.baxterandcook.com/,San Francisco,CA
Braunstein/Quay Gallery,http://www.bquayartgallery.com/,San Francisco,CA
Cain Schulte Contemporary Art,http://www.cainschulte.com/,San Francisco,CA
Caldwell-Snyder,http://www.caldwellsnyder.com,San Francisco,CA
Catharine Clark Gallery,http://www.cclarkgallery.com/,San Francisco,CA
Chandler Fine Art,http://www.chandlersf.com/,San Francisco,CA
Christopher Clark Fine Art,http://www.clarkfineart.com/,San Francisco,CA
City Art,http://www.cityartgallery.org/,San Francisco,CA
Cohen Abee Gallery,http://www.cohenresegallery.com/,San Francisco,CA
Crown Point Press Gallery,http://www.crownpoint.com,San Francisco,CA
DA Arts,http://www.artbusiness.com/1open/061209.html,San Francisco,CA
Dolby Chadwick Gallery,http://www.dolbychadwickgallery.com/,San Francisco,CA
Don Soker Contemporary Art,http://www.donsokergallery.com/,San Francisco,CA
E6 Gallery,http://e6gallery.com/,San Francisco,CA
Electric Works,http://www.sfelectricworks.com/,San Francisco,CA
FiftyCrows,http://www.fiftycrows.org/,San Francisco,CA
Fouladi Projects,http://www.fouladiprojects.com/,San Francisco,CA
Frey Norris Gallery,http://www.freynorris.com,San Francisco,CA
Gallery 16,http://www.gallery16.com/,San Francisco,CA
Gallery 291,http://www.gallery291.net/,San Francisco,CA
Gallery 415,http://www.g415.com/,San Francisco,CA
Gallery 444,http://www.gallery444.com/,San Francisco,CA
Gallery Paule Anglim,http://www.gallerypauleanglim.com/,San Francisco,CA
Gallery Squared,http://gallerysquared.me/,San Francisco,CA
George Krevsky Gallery,http://www.georgekrevskygallery.com/,San Francisco,CA
Geras Tousignant Gallery,http://www.gtfineart.com/,San Francisco,CA
Hang Art,http://www.hangart.com/,San Francisco,CA
Hespe Gallery,http://www.hespe.com/,San Francisco,CA
Hosfelt Gallery,http://www.hosfeltgallery.com,San Francisco,CA
Jancar Jones Gallery,http://www.jancarjones.com/,San Francisco,CA
Jenkins Johnson Gallery,http://www.jenkinsjohnsongallery.com,San Francisco,CA
John Berggruen Gallery,http://www.berggruen.com,San Francisco,CA
John Pence Gallery,http://www.johnpence.com/,San Francisco,CA
Le Trianon Gallery,http://www.letrianongallery.com/,San Francisco,CA
Mark Wolfe Contemporary Art,http://www.wolfecontemporary.com/,San Francisco,CA
Martin Lawrence Galleries,http://www.martinlawrence.com/,San Francisco,CA
Marxr & Zavattero,http://www.marxzav.com/,San Francisco,CA
Meyerovich Gallery,http://www.meyerovich.com/,San Francisco,CA
Michael Rosenthal,http://www.rosenthalgallery.com/,San Francisco,CA
Minna Gallery,http://www.111minnagallery.com/,San Francisco,CA
Modernism,http://www.modernisminc.com/,San Francisco,CA
Montgomery Gallery,http://www.montgomerygallery.com/,San Francisco,CA
Nevska Gallery,http://www.nevskagallery.com/,San Francisco,CA
Paul Mahder Gallery,http://www.paulmahdergallery.com/,San Francisco,CA
Ratio 3,http://www.ratio3.org/,San Francisco,CA
North Point Gallery,http://www.northpointgallery.com/,San Francisco,CA
Octavia's Haze Gallery,http://www.octaviashaze.com/,San Francisco,CA
Patricia Sweetow Gallery,http://www.patriciasweetowgallery.com/,San Francisco,CA
Paul Thiebaud Gallery,http://www.paulthiebaudgallery.com/,San Francisco,CA
Rayko Photo Center and Galleries,http://www.raykophoto.com/,San Francisco,CA
Rena Bransten Gallery,http://www.renabranstengallery.com/,San Francisco,CA
Schein & Schein,http://www.scheinandschein.com/,San Francisco,CA
Scott Richards Contemporary Art,http://www.srcart.com/,San Francisco,CA
The Shooting Gallery,http://www.shootinggallerysf.com/,San Francisco,CA
Serge Sorokko Gallery,http://www.sorokko.com/,San Francisco,CA
Takada Gallery,http://www.takadagallery.com/,San Francisco,CA
Tangent Contemporary Art,http://www.tangentart.com/,San Francisco,CA
Thomas Reynolds Gallery,http://www.thomasreynolds.com/,San Francisco,CA
Togonon Gallery,http://www.togonongallery.com/,San Francisco,CA
Triple Base Gallery,http://www.basebasebase.com/,San Francisco,CA
Varnish Fine Art,http://www.varnishfineart.com/,San Francisco,CA
Velvet da Vinci,http://www.velvetdavinci.com/,San Francisco,CA
Vitkovsky Fine Art,http://www.vitkovskyfineart.com/,San Francisco,CA
White Walls,http://www.whitewallssf.com/,San Francisco,CA
Queen's Nails Projects,http://queensnailsprojects.com,San Francisco,CA
Space Gallery,http://www.spacegallerysf.com/,San Francisco,CA
Ever Gold Gallery,http://evergoldgallery.com/,San Francisco,CA
Project One,http://www.p1sf.com/,San Francisco,CA
Femina Potens,http://feminapotens.org/wordpress/,San Francisco,CA
Eli Ridgway Gallery,http://www.eliridgway.com/,San Francisco,CA
Misho Gallery,http://www.mishogallery.com/,San Francisco,CA
Johansson Projects,http://johanssonprojects.com/,Oakland,CA
The Lab,http://www.thelab.org/,San Francisco,CA
Traywick Contemporary,http://www.traywick.com/,Berkeley,CA
Market Street Gallery,http://www.marketstreetgallery.com/,San Francisco,CA
Weinstein Gallery,http://www.weinstein.com/,San Francisco,CA
Lobot Gallery,http://cargocollective.com/lobotgallery,Oakland,CA
Guerrero Gallery,http://guerrerogallery.com/,San Francisco,CA
The Luggage Store Gallery,http://www.luggagestoregallery.org/,San Francisco,CA
Fecal Face Dot Gallery,http://www.ffdg.net/,San Francisco,CA
Park Life,http://www.parklifestore.com/,San Francisco,CA
Fifty24SF Gallery,http://www.fifty24sf.com/home-2/,San Francisco,CA
Spoke Art,http://spoke-art.com/,San Francisco,CA
Needles and Pens,http://www.needles-pens.com/gallery.html,San Francisco,CA
